Scenario;Desired Given DNF;Shared Given DNF;Penality Given;Global Similarity Given;Final Similarity Given;Desired When DNF;Shared When DNF;Penality When;Global Similarity When;Final Similarity When;Desired Then DNF;Shared Then DNF;Penality Then;Global Similarity Then;Final Similarity Then;Scenario Similarity;Action
Candidate_1;battery > 10 AND satellite_count > 7 AND wind_speed <= 36;battery >= 10 AND satellite_count >= 7 AND wind_speed <= 36;0,0;1,0;1,0;takeoff == 1;takeoff == 1;0,0;1,0;1,0;height > 30 AND source_distance == 0;height >= 30 AND source_distance == 0;0,0;1,0;1,0;1,0;behavior_1
Candidate_23;battery > 10 AND satellite_count > 7 AND wind_speed <= 36;battery >= 10 AND satellite_count >= 7 AND wind_speed <= 36;0,0;1,0;1,0;takeoff == 1;takeoff == 1;0,0;1,0;1,0;height > 30 AND source_distance == 0;height >= 25 AND source_distance == 0;0,0;0,966665;0,966665;0,9888883333333333;behavior_23
Candidate_34;battery > 10 AND satellite_count > 7 AND wind_speed <= 36;battery >= 10 AND satellite_count >= 7 AND wind_speed <= 36;0,0;1,0;1,0;takeoff == 1;takeoff == 1;0,0;1,0;1,0;height > 30 AND source_distance == 0;height >= 50 AND source_distance == 0;0,0;0,857145;0,857145;0,9523816666666667;behavior_34
Candidate_122;battery > 10 AND satellite_count > 7 AND wind_speed <= 36;battery >= 10 AND satellite_count >= 7 AND wind_speed <= 36;0,0;1,0;1,0;takeoff == 1;takeoff == 1;0,0;1,0;1,0;height > 30 AND source_distance == 0;height <= 100 AND source_distance == 0;0,0;0,85;0,85;0,9500000000000001;behavior_122
Candidate_12;battery > 10 AND satellite_count > 7 AND wind_speed <= 36;battery >= 10 AND satellite_count >= 7 AND wind_speed <= 36;0,0;1,0;1,0;takeoff == 1;takeoff == 1;0,0;1,0;1,0;height > 30 AND source_distance == 0;height >= 0 AND source_distance == 0;0,0;0,85;0,85;0,9500000000000001;behavior_12
Candidate_111;battery > 10 AND satellite_count > 7 AND wind_speed <= 36;battery >= 10 AND satellite_count >= 7 AND wind_speed <= 36;0,0;1,0;1,0;takeoff == 1;takeoff == 1;0,0;1,0;1,0;height > 30 AND source_distance == 0;height <= 75 AND source_distance == 0;0,0;0,725;0,725;0,9083333333333333;behavior_111
Candidate_45;battery > 10 AND satellite_count > 7 AND wind_speed <= 36;battery >= 10 AND satellite_count >= 7 AND wind_speed <= 36;0,0;1,0;1,0;takeoff == 1;takeoff == 1;0,0;1,0;1,0;height > 30 AND source_distance == 0;height >= 75 AND source_distance == 0;0,0;0,67857;0,67857;0,8928566666666667;behavior_45
Candidate_100;battery > 10 AND satellite_count > 7 AND wind_speed <= 36;battery >= 10 AND satellite_count >= 7 AND wind_speed <= 36;0,0;1,0;1,0;takeoff == 1;takeoff == 1;0,0;1,0;1,0;height > 30 AND source_distance == 0;height <= 50 AND source_distance == 0;0,0;0,6;0,6;0,8666666666666667;behavior_100
Candidate_8;battery > 10 AND satellite_count > 7 AND wind_speed <= 36;battery >= 10 AND satellite_count >= 7 AND wind_speed <= 36;0,0;1,0;1,0;takeoff == 1;takeoff == 1;0,0;1,0;1,0;height > 30 AND source_distance == 0;height >= 30 AND source_distance <= 25;0,0;0,52;0,52;0,84;behavior_8
Candidate_9;battery > 10 AND satellite_count > 7 AND wind_speed <= 36;battery >= 10 AND satellite_count >= 7 AND wind_speed <= 36;0,0;1,0;1,0;takeoff == 1;takeoff == 1;0,0;1,0;1,0;height > 30 AND source_distance == 0;height >= 30 AND source_distance <= 50;0,0;0,51;0,51;0,8366666666666666;behavior_9
Candidate_10;battery > 10 AND satellite_count > 7 AND wind_speed <= 36;battery >= 10 AND satellite_count >= 7 AND wind_speed <= 36;0,0;1,0;1,0;takeoff == 1;takeoff == 1;0,0;1,0;1,0;height > 30 AND source_distance == 0;height >= 30 AND source_distance <= 75;0,0;0,506665;0,506665;0,8355549999999999;behavior_10
Candidate_11;battery > 10 AND satellite_count > 7 AND wind_speed <= 36;battery >= 10 AND satellite_count >= 7 AND wind_speed <= 36;0,0;1,0;1,0;takeoff == 1;takeoff == 1;0,0;1,0;1,0;height > 30 AND source_distance == 0;height >= 30 AND source_distance <= 100;0,0;0,505;0,505;0,835;behavior_11
Candidate_2;battery > 10 AND satellite_count > 7 AND wind_speed <= 36;battery >= 10 AND satellite_count >= 7 AND wind_speed <= 36;0,0;1,0;1,0;takeoff == 1;takeoff == 1;0,0;1,0;1,0;height > 30 AND source_distance == 0;height >= 30 AND source_distance >= 0;0,0;0,505;0,505;0,835;behavior_2
Candidate_89;battery > 10 AND satellite_count > 7 AND wind_speed <= 36;battery >= 10 AND satellite_count >= 7 AND wind_speed <= 36;0,0;1,0;1,0;takeoff == 1;takeoff == 1;0,0;1,0;1,0;height > 30 AND source_distance == 0;height <= 25 AND source_distance == 0;0,0;0,5;0,5;0,8333333333333334;behavior_89
Candidate_78;battery > 10 AND satellite_count > 7 AND wind_speed <= 36;battery >= 10 AND satellite_count >= 7 AND wind_speed <= 36;0,0;1,0;1,0;takeoff == 1;takeoff == 1;0,0;1,0;1,0;height > 30 AND source_distance == 0;height <= 0 AND source_distance == 0;0,0;0,5;0,5;0,8333333333333334;behavior_78
Candidate_56;battery > 10 AND satellite_count > 7 AND wind_speed <= 36;battery >= 10 AND satellite_count >= 7 AND wind_speed <= 36;0,0;1,0;1,0;takeoff == 1;takeoff == 1;0,0;1,0;1,0;height > 30 AND source_distance == 0;height >= 100 AND source_distance == 0;0,0;0,5;0,5;0,8333333333333334;behavior_56
Candidate_67;battery > 10 AND satellite_count > 7 AND wind_speed <= 36;battery >= 10 AND satellite_count >= 7 AND wind_speed <= 36;0,0;1,0;1,0;takeoff == 1;takeoff == 1;0,0;1,0;1,0;height > 30 AND source_distance == 0;height <= 30 AND source_distance == 0;0,0;0,5;0,5;0,8333333333333334;behavior_67
Candidate_3;battery > 10 AND satellite_count > 7 AND wind_speed <= 36;battery >= 10 AND satellite_count >= 7 AND wind_speed <= 36;0,0;1,0;1,0;takeoff == 1;takeoff == 1;0,0;1,0;1,0;height > 30 AND source_distance == 0;height >= 30 AND source_distance >= 25;0,0;0,5;0,5;0,8333333333333334;behavior_3
Candidate_7;battery > 10 AND satellite_count > 7 AND wind_speed <= 36;battery >= 10 AND satellite_count >= 7 AND wind_speed <= 36;0,0;1,0;1,0;takeoff == 1;takeoff == 1;0,0;1,0;1,0;height > 30 AND source_distance == 0;height >= 30 AND source_distance <= 0;0,0;0,5;0,5;0,8333333333333334;behavior_7
Candidate_6;battery > 10 AND satellite_count > 7 AND wind_speed <= 36;battery >= 10 AND satellite_count >= 7 AND wind_speed <= 36;0,0;1,0;1,0;takeoff == 1;takeoff == 1;0,0;1,0;1,0;height > 30 AND source_distance == 0;height >= 30 AND source_distance >= 100;0,0;0,5;0,5;0,8333333333333334;behavior_6
Candidate_5;battery > 10 AND satellite_count > 7 AND wind_speed <= 36;battery >= 10 AND satellite_count >= 7 AND wind_speed <= 36;0,0;1,0;1,0;takeoff == 1;takeoff == 1;0,0;1,0;1,0;height > 30 AND source_distance == 0;height >= 30 AND source_distance >= 75;0,0;0,5;0,5;0,8333333333333334;behavior_5
Candidate_4;battery > 10 AND satellite_count > 7 AND wind_speed <= 36;battery >= 10 AND satellite_count >= 7 AND wind_speed <= 36;0,0;1,0;1,0;takeoff == 1;takeoff == 1;0,0;1,0;1,0;height > 30 AND source_distance == 0;height >= 30 AND source_distance >= 50;0,0;0,5;0,5;0,8333333333333334;behavior_4
Candidate_30;battery > 10 AND satellite_count > 7 AND wind_speed <= 36;battery >= 10 AND satellite_count >= 7 AND wind_speed <= 36;0,0;1,0;1,0;takeoff == 1;takeoff == 1;0,0;1,0;1,0;height > 30 AND source_distance == 0;height >= 25 AND source_distance <= 25;0,0;0,486665;0,486665;0,8288883333333333;behavior_30
Candidate_31;battery > 10 AND satellite_count > 7 AND wind_speed <= 36;battery >= 10 AND satellite_count >= 7 AND wind_speed <= 36;0,0;1,0;1,0;takeoff == 1;takeoff == 1;0,0;1,0;1,0;height > 30 AND source_distance == 0;height >= 25 AND source_distance <= 50;0,0;0,476665;0,476665;0,825555;behavior_31
Candidate_32;battery > 10 AND satellite_count > 7 AND wind_speed <= 36;battery >= 10 AND satellite_count >= 7 AND wind_speed <= 36;0,0;1,0;1,0;takeoff == 1;takeoff == 1;0,0;1,0;1,0;height > 30 AND source_distance == 0;height >= 25 AND source_distance <= 75;0,0;0,47333;0,47333;0,8244433333333333;behavior_32
Candidate_33;battery > 10 AND satellite_count > 7 AND wind_speed <= 36;battery >= 10 AND satellite_count >= 7 AND wind_speed <= 36;0,0;1,0;1,0;takeoff == 1;takeoff == 1;0,0;1,0;1,0;height > 30 AND source_distance == 0;height >= 25 AND source_distance <= 100;0,0;0,471665;0,471665;0,8238883333333332;behavior_33
Candidate_24;battery > 10 AND satellite_count > 7 AND wind_speed <= 36;battery >= 10 AND satellite_count >= 7 AND wind_speed <= 36;0,0;1,0;1,0;takeoff == 1;takeoff == 1;0,0;1,0;1,0;height > 30 AND source_distance == 0;height >= 25 AND source_distance >= 0;0,0;0,471665;0,471665;0,8238883333333332;behavior_24
Candidate_25;battery > 10 AND satellite_count > 7 AND wind_speed <= 36;battery >= 10 AND satellite_count >= 7 AND wind_speed <= 36;0,0;1,0;1,0;takeoff == 1;takeoff == 1;0,0;1,0;1,0;height > 30 AND source_distance == 0;height >= 25 AND source_distance >= 25;0,0;0,466665;0,466665;0,8222216666666666;behavior_25
Candidate_26;battery > 10 AND satellite_count > 7 AND wind_speed <= 36;battery >= 10 AND satellite_count >= 7 AND wind_speed <= 36;0,0;1,0;1,0;takeoff == 1;takeoff == 1;0,0;1,0;1,0;height > 30 AND source_distance == 0;height >= 25 AND source_distance >= 50;0,0;0,466665;0,466665;0,8222216666666666;behavior_26
Candidate_27;battery > 10 AND satellite_count > 7 AND wind_speed <= 36;battery >= 10 AND satellite_count >= 7 AND wind_speed <= 36;0,0;1,0;1,0;takeoff == 1;takeoff == 1;0,0;1,0;1,0;height > 30 AND source_distance == 0;height >= 25 AND source_distance >= 75;0,0;0,466665;0,466665;0,8222216666666666;behavior_27
Candidate_28;battery > 10 AND satellite_count > 7 AND wind_speed <= 36;battery >= 10 AND satellite_count >= 7 AND wind_speed <= 36;0,0;1,0;1,0;takeoff == 1;takeoff == 1;0,0;1,0;1,0;height > 30 AND source_distance == 0;height >= 25 AND source_distance >= 100;0,0;0,466665;0,466665;0,8222216666666666;behavior_28
Candidate_29;battery > 10 AND satellite_count > 7 AND wind_speed <= 36;battery >= 10 AND satellite_count >= 7 AND wind_speed <= 36;0,0;1,0;1,0;takeoff == 1;takeoff == 1;0,0;1,0;1,0;height > 30 AND source_distance == 0;height >= 25 AND source_distance <= 0;0,0;0,466665;0,466665;0,8222216666666666;behavior_29
Candidate_41;battery > 10 AND satellite_count > 7 AND wind_speed <= 36;battery >= 10 AND satellite_count >= 7 AND wind_speed <= 36;0,0;1,0;1,0;takeoff == 1;takeoff == 1;0,0;1,0;1,0;height > 30 AND source_distance == 0;height >= 50 AND source_distance <= 25;0,0;0,377145;0,377145;0,7923816666666667;behavior_41
Candidate_129;battery > 10 AND satellite_count > 7 AND wind_speed <= 36;battery >= 10 AND satellite_count >= 7 AND wind_speed <= 36;0,0;1,0;1,0;takeoff == 1;takeoff == 1;0,0;1,0;1,0;height > 30 AND source_distance == 0;height <= 100 AND source_distance <= 25;0,0;0,37;0,37;0,79;behavior_129
Candidate_19;battery > 10 AND satellite_count > 7 AND wind_speed <= 36;battery >= 10 AND satellite_count >= 7 AND wind_speed <= 36;0,0;1,0;1,0;takeoff == 1;takeoff == 1;0,0;1,0;1,0;height > 30 AND source_distance == 0;height >= 0 AND source_distance <= 25;0,0;0,37;0,37;0,79;behavior_19
Candidate_42;battery > 10 AND satellite_count > 7 AND wind_speed <= 36;battery >= 10 AND satellite_count >= 7 AND wind_speed <= 36;0,0;1,0;1,0;takeoff == 1;takeoff == 1;0,0;1,0;1,0;height > 30 AND source_distance == 0;height >= 50 AND source_distance <= 50;0,0;0,367145;0,367145;0,7890483333333332;behavior_42
Candidate_43;battery > 10 AND satellite_count > 7 AND wind_speed <= 36;battery >= 10 AND satellite_count >= 7 AND wind_speed <= 36;0,0;1,0;1,0;takeoff == 1;takeoff == 1;0,0;1,0;1,0;height > 30 AND source_distance == 0;height >= 50 AND source_distance <= 75;0,0;0,36380999999999997;0,36380999999999997;0,7879366666666666;behavior_43
Candidate_35;battery > 10 AND satellite_count > 7 AND wind_speed <= 36;battery >= 10 AND satellite_count >= 7 AND wind_speed <= 36;0,0;1,0;1,0;takeoff == 1;takeoff == 1;0,0;1,0;1,0;height > 30 AND source_distance == 0;height >= 50 AND source_distance >= 0;0,0;0,362145;0,362145;0,7873816666666666;behavior_35
Candidate_44;battery > 10 AND satellite_count > 7 AND wind_speed <= 36;battery >= 10 AND satellite_count >= 7 AND wind_speed <= 36;0,0;1,0;1,0;takeoff == 1;takeoff == 1;0,0;1,0;1,0;height > 30 AND source_distance == 0;height >= 50 AND source_distance <= 100;0,0;0,362145;0,362145;0,7873816666666666;behavior_44
Candidate_130;battery > 10 AND satellite_count > 7 AND wind_speed <= 36;battery >= 10 AND satellite_count >= 7 AND wind_speed <= 36;0,0;1,0;1,0;takeoff == 1;takeoff == 1;0,0;1,0;1,0;height > 30 AND source_distance == 0;height <= 100 AND source_distance <= 50;0,0;0,36;0,36;0,7866666666666666;behavior_130
Candidate_20;battery > 10 AND satellite_count > 7 AND wind_speed <= 36;battery >= 10 AND satellite_count >= 7 AND wind_speed <= 36;0,0;1,0;1,0;takeoff == 1;takeoff == 1;0,0;1,0;1,0;height > 30 AND source_distance == 0;height >= 0 AND source_distance <= 50;0,0;0,36;0,36;0,7866666666666666;behavior_20
Candidate_38;battery > 10 AND satellite_count > 7 AND wind_speed <= 36;battery >= 10 AND satellite_count >= 7 AND wind_speed <= 36;0,0;1,0;1,0;takeoff == 1;takeoff == 1;0,0;1,0;1,0;height > 30 AND source_distance == 0;height >= 50 AND source_distance >= 75;0,0;0,357145;0,357145;0,785715;behavior_38
Candidate_40;battery > 10 AND satellite_count > 7 AND wind_speed <= 36;battery >= 10 AND satellite_count >= 7 AND wind_speed <= 36;0,0;1,0;1,0;takeoff == 1;takeoff == 1;0,0;1,0;1,0;height > 30 AND source_distance == 0;height >= 50 AND source_distance <= 0;0,0;0,357145;0,357145;0,785715;behavior_40
Candidate_39;battery > 10 AND satellite_count > 7 AND wind_speed <= 36;battery >= 10 AND satellite_count >= 7 AND wind_speed <= 36;0,0;1,0;1,0;takeoff == 1;takeoff == 1;0,0;1,0;1,0;height > 30 AND source_distance == 0;height >= 50 AND source_distance >= 100;0,0;0,357145;0,357145;0,785715;behavior_39
Candidate_37;battery > 10 AND satellite_count > 7 AND wind_speed <= 36;battery >= 10 AND satellite_count >= 7 AND wind_speed <= 36;0,0;1,0;1,0;takeoff == 1;takeoff == 1;0,0;1,0;1,0;height > 30 AND source_distance == 0;height >= 50 AND source_distance >= 50;0,0;0,357145;0,357145;0,785715;behavior_37
Candidate_36;battery > 10 AND satellite_count > 7 AND wind_speed <= 36;battery >= 10 AND satellite_count >= 7 AND wind_speed <= 36;0,0;1,0;1,0;takeoff == 1;takeoff == 1;0,0;1,0;1,0;height > 30 AND source_distance == 0;height >= 50 AND source_distance >= 25;0,0;0,357145;0,357145;0,785715;behavior_36
Candidate_131;battery > 10 AND satellite_count > 7 AND wind_speed <= 36;battery >= 10 AND satellite_count >= 7 AND wind_speed <= 36;0,0;1,0;1,0;takeoff == 1;takeoff == 1;0,0;1,0;1,0;height > 30 AND source_distance == 0;height <= 100 AND source_distance <= 75;0,0;0,35666499999999995;0,35666499999999995;0,785555;behavior_131
Candidate_21;battery > 10 AND satellite_count > 7 AND wind_speed <= 36;battery >= 10 AND satellite_count >= 7 AND wind_speed <= 36;0,0;1,0;1,0;takeoff == 1;takeoff == 1;0,0;1,0;1,0;height > 30 AND source_distance == 0;height >= 0 AND source_distance <= 75;0,0;0,35666499999999995;0,35666499999999995;0,785555;behavior_21
Candidate_13;battery > 10 AND satellite_count > 7 AND wind_speed <= 36;battery >= 10 AND satellite_count >= 7 AND wind_speed <= 36;0,0;1,0;1,0;takeoff == 1;takeoff == 1;0,0;1,0;1,0;height > 30 AND source_distance == 0;height >= 0 AND source_distance >= 0;0,0;0,355;0,355;0,785;behavior_13
Candidate_123;battery > 10 AND satellite_count > 7 AND wind_speed <= 36;battery >= 10 AND satellite_count >= 7 AND wind_speed <= 36;0,0;1,0;1,0;takeoff == 1;takeoff == 1;0,0;1,0;1,0;height > 30 AND source_distance == 0;height <= 100 AND source_distance >= 0;0,0;0,355;0,355;0,785;behavior_123
Candidate_22;battery > 10 AND satellite_count > 7 AND wind_speed <= 36;battery >= 10 AND satellite_count >= 7 AND wind_speed <= 36;0,0;1,0;1,0;takeoff == 1;takeoff == 1;0,0;1,0;1,0;height > 30 AND source_distance == 0;height >= 0 AND source_distance <= 100;0,0;0,355;0,355;0,785;behavior_22
Candidate_132;battery > 10 AND satellite_count > 7 AND wind_speed <= 36;battery >= 10 AND satellite_count >= 7 AND wind_speed <= 36;0,0;1,0;1,0;takeoff == 1;takeoff == 1;0,0;1,0;1,0;height > 30 AND source_distance == 0;height <= 100 AND source_distance <= 100;0,0;0,355;0,355;0,785;behavior_132
Candidate_128;battery > 10 AND satellite_count > 7 AND wind_speed <= 36;battery >= 10 AND satellite_count >= 7 AND wind_speed <= 36;0,0;1,0;1,0;takeoff == 1;takeoff == 1;0,0;1,0;1,0;height > 30 AND source_distance == 0;height <= 100 AND source_distance <= 0;0,0;0,35;0,35;0,7833333333333333;behavior_128
Candidate_127;battery > 10 AND satellite_count > 7 AND wind_speed <= 36;battery >= 10 AND satellite_count >= 7 AND wind_speed <= 36;0,0;1,0;1,0;takeoff == 1;takeoff == 1;0,0;1,0;1,0;height > 30 AND source_distance == 0;height <= 100 AND source_distance >= 100;0,0;0,35;0,35;0,7833333333333333;behavior_127
Candidate_126;battery > 10 AND satellite_count > 7 AND wind_speed <= 36;battery >= 10 AND satellite_count >= 7 AND wind_speed <= 36;0,0;1,0;1,0;takeoff == 1;takeoff == 1;0,0;1,0;1,0;height > 30 AND source_distance == 0;height <= 100 AND source_distance >= 75;0,0;0,35;0,35;0,7833333333333333;behavior_126
Candidate_125;battery > 10 AND satellite_count > 7 AND wind_speed <= 36;battery >= 10 AND satellite_count >= 7 AND wind_speed <= 36;0,0;1,0;1,0;takeoff == 1;takeoff == 1;0,0;1,0;1,0;height > 30 AND source_distance == 0;height <= 100 AND source_distance >= 50;0,0;0,35;0,35;0,7833333333333333;behavior_125
Candidate_124;battery > 10 AND satellite_count > 7 AND wind_speed <= 36;battery >= 10 AND satellite_count >= 7 AND wind_speed <= 36;0,0;1,0;1,0;takeoff == 1;takeoff == 1;0,0;1,0;1,0;height > 30 AND source_distance == 0;height <= 100 AND source_distance >= 25;0,0;0,35;0,35;0,7833333333333333;behavior_124
Candidate_18;battery > 10 AND satellite_count > 7 AND wind_speed <= 36;battery >= 10 AND satellite_count >= 7 AND wind_speed <= 36;0,0;1,0;1,0;takeoff == 1;takeoff == 1;0,0;1,0;1,0;height > 30 AND source_distance == 0;height >= 0 AND source_distance <= 0;0,0;0,35;0,35;0,7833333333333333;behavior_18
Candidate_14;battery > 10 AND satellite_count > 7 AND wind_speed <= 36;battery >= 10 AND satellite_count >= 7 AND wind_speed <= 36;0,0;1,0;1,0;takeoff == 1;takeoff == 1;0,0;1,0;1,0;height > 30 AND source_distance == 0;height >= 0 AND source_distance >= 25;0,0;0,35;0,35;0,7833333333333333;behavior_14
Candidate_17;battery > 10 AND satellite_count > 7 AND wind_speed <= 36;battery >= 10 AND satellite_count >= 7 AND wind_speed <= 36;0,0;1,0;1,0;takeoff == 1;takeoff == 1;0,0;1,0;1,0;height > 30 AND source_distance == 0;height >= 0 AND source_distance >= 100;0,0;0,35;0,35;0,7833333333333333;behavior_17
Candidate_16;battery > 10 AND satellite_count > 7 AND wind_speed <= 36;battery >= 10 AND satellite_count >= 7 AND wind_speed <= 36;0,0;1,0;1,0;takeoff == 1;takeoff == 1;0,0;1,0;1,0;height > 30 AND source_distance == 0;height >= 0 AND source_distance >= 75;0,0;0,35;0,35;0,7833333333333333;behavior_16
Candidate_15;battery > 10 AND satellite_count > 7 AND wind_speed <= 36;battery >= 10 AND satellite_count >= 7 AND wind_speed <= 36;0,0;1,0;1,0;takeoff == 1;takeoff == 1;0,0;1,0;1,0;height > 30 AND source_distance == 0;height >= 0 AND source_distance >= 50;0,0;0,35;0,35;0,7833333333333333;behavior_15
Candidate_118;battery > 10 AND satellite_count > 7 AND wind_speed <= 36;battery >= 10 AND satellite_count >= 7 AND wind_speed <= 36;0,0;1,0;1,0;takeoff == 1;takeoff == 1;0,0;1,0;1,0;height > 30 AND source_distance == 0;height <= 75 AND source_distance <= 25;0,0;0,245;0,245;0,7483333333333334;behavior_118
Candidate_119;battery > 10 AND satellite_count > 7 AND wind_speed <= 36;battery >= 10 AND satellite_count >= 7 AND wind_speed <= 36;0,0;1,0;1,0;takeoff == 1;takeoff == 1;0,0;1,0;1,0;height > 30 AND source_distance == 0;height <= 75 AND source_distance <= 50;0,0;0,23500000000000001;0,23500000000000001;0,745;behavior_119
Candidate_120;battery > 10 AND satellite_count > 7 AND wind_speed <= 36;battery >= 10 AND satellite_count >= 7 AND wind_speed <= 36;0,0;1,0;1,0;takeoff == 1;takeoff == 1;0,0;1,0;1,0;height > 30 AND source_distance == 0;height <= 75 AND source_distance <= 75;0,0;0,231665;0,231665;0,7438883333333334;behavior_120
Candidate_112;battery > 10 AND satellite_count > 7 AND wind_speed <= 36;battery >= 10 AND satellite_count >= 7 AND wind_speed <= 36;0,0;1,0;1,0;takeoff == 1;takeoff == 1;0,0;1,0;1,0;height > 30 AND source_distance == 0;height <= 75 AND source_distance >= 0;0,0;0,23;0,23;0,7433333333333333;behavior_112
Candidate_121;battery > 10 AND satellite_count > 7 AND wind_speed <= 36;battery >= 10 AND satellite_count >= 7 AND wind_speed <= 36;0,0;1,0;1,0;takeoff == 1;takeoff == 1;0,0;1,0;1,0;height > 30 AND source_distance == 0;height <= 75 AND source_distance <= 100;0,0;0,23;0,23;0,7433333333333333;behavior_121
Candidate_117;battery > 10 AND satellite_count > 7 AND wind_speed <= 36;battery >= 10 AND satellite_count >= 7 AND wind_speed <= 36;0,0;1,0;1,0;takeoff == 1;takeoff == 1;0,0;1,0;1,0;height > 30 AND source_distance == 0;height <= 75 AND source_distance <= 0;0,0;0,225;0,225;0,7416666666666667;behavior_117
Candidate_113;battery > 10 AND satellite_count > 7 AND wind_speed <= 36;battery >= 10 AND satellite_count >= 7 AND wind_speed <= 36;0,0;1,0;1,0;takeoff == 1;takeoff == 1;0,0;1,0;1,0;height > 30 AND source_distance == 0;height <= 75 AND source_distance >= 25;0,0;0,225;0,225;0,7416666666666667;behavior_113
Candidate_114;battery > 10 AND satellite_count > 7 AND wind_speed <= 36;battery >= 10 AND satellite_count >= 7 AND wind_speed <= 36;0,0;1,0;1,0;takeoff == 1;takeoff == 1;0,0;1,0;1,0;height > 30 AND source_distance == 0;height <= 75 AND source_distance >= 50;0,0;0,225;0,225;0,7416666666666667;behavior_114
Candidate_115;battery > 10 AND satellite_count > 7 AND wind_speed <= 36;battery >= 10 AND satellite_count >= 7 AND wind_speed <= 36;0,0;1,0;1,0;takeoff == 1;takeoff == 1;0,0;1,0;1,0;height > 30 AND source_distance == 0;height <= 75 AND source_distance >= 75;0,0;0,225;0,225;0,7416666666666667;behavior_115
Candidate_116;battery > 10 AND satellite_count > 7 AND wind_speed <= 36;battery >= 10 AND satellite_count >= 7 AND wind_speed <= 36;0,0;1,0;1,0;takeoff == 1;takeoff == 1;0,0;1,0;1,0;height > 30 AND source_distance == 0;height <= 75 AND source_distance >= 100;0,0;0,225;0,225;0,7416666666666667;behavior_116
Candidate_52;battery > 10 AND satellite_count > 7 AND wind_speed <= 36;battery >= 10 AND satellite_count >= 7 AND wind_speed <= 36;0,0;1,0;1,0;takeoff == 1;takeoff == 1;0,0;1,0;1,0;height > 30 AND source_distance == 0;height >= 75 AND source_distance <= 25;0,0;0,19857;0,19857;0,7328566666666667;behavior_52
Candidate_53;battery > 10 AND satellite_count > 7 AND wind_speed <= 36;battery >= 10 AND satellite_count >= 7 AND wind_speed <= 36;0,0;1,0;1,0;takeoff == 1;takeoff == 1;0,0;1,0;1,0;height > 30 AND source_distance == 0;height >= 75 AND source_distance <= 50;0,0;0,18857000000000002;0,18857000000000002;0,7295233333333333;behavior_53
Candidate_54;battery > 10 AND satellite_count > 7 AND wind_speed <= 36;battery >= 10 AND satellite_count >= 7 AND wind_speed <= 36;0,0;1,0;1,0;takeoff == 1;takeoff == 1;0,0;1,0;1,0;height > 30 AND source_distance == 0;height >= 75 AND source_distance <= 75;0,0;0,185235;0,185235;0,7284116666666667;behavior_54
Candidate_55;battery > 10 AND satellite_count > 7 AND wind_speed <= 36;battery >= 10 AND satellite_count >= 7 AND wind_speed <= 36;0,0;1,0;1,0;takeoff == 1;takeoff == 1;0,0;1,0;1,0;height > 30 AND source_distance == 0;height >= 75 AND source_distance <= 100;0,0;0,18357;0,18357;0,7278566666666667;behavior_55
Candidate_46;battery > 10 AND satellite_count > 7 AND wind_speed <= 36;battery >= 10 AND satellite_count >= 7 AND wind_speed <= 36;0,0;1,0;1,0;takeoff == 1;takeoff == 1;0,0;1,0;1,0;height > 30 AND source_distance == 0;height >= 75 AND source_distance >= 0;0,0;0,18357;0,18357;0,7278566666666667;behavior_46
Candidate_49;battery > 10 AND satellite_count > 7 AND wind_speed <= 36;battery >= 10 AND satellite_count >= 7 AND wind_speed <= 36;0,0;1,0;1,0;takeoff == 1;takeoff == 1;0,0;1,0;1,0;height > 30 AND source_distance == 0;height >= 75 AND source_distance >= 75;0,0;0,17857;0,17857;0,72619;behavior_49
Candidate_50;battery > 10 AND satellite_count > 7 AND wind_speed <= 36;battery >= 10 AND satellite_count >= 7 AND wind_speed <= 36;0,0;1,0;1,0;takeoff == 1;takeoff == 1;0,0;1,0;1,0;height > 30 AND source_distance == 0;height >= 75 AND source_distance >= 100;0,0;0,17857;0,17857;0,72619;behavior_50
Candidate_47;battery > 10 AND satellite_count > 7 AND wind_speed <= 36;battery >= 10 AND satellite_count >= 7 AND wind_speed <= 36;0,0;1,0;1,0;takeoff == 1;takeoff == 1;0,0;1,0;1,0;height > 30 AND source_distance == 0;height >= 75 AND source_distance >= 25;0,0;0,17857;0,17857;0,72619;behavior_47
Candidate_48;battery > 10 AND satellite_count > 7 AND wind_speed <= 36;battery >= 10 AND satellite_count >= 7 AND wind_speed <= 36;0,0;1,0;1,0;takeoff == 1;takeoff == 1;0,0;1,0;1,0;height > 30 AND source_distance == 0;height >= 75 AND source_distance >= 50;0,0;0,17857;0,17857;0,72619;behavior_48
Candidate_51;battery > 10 AND satellite_count > 7 AND wind_speed <= 36;battery >= 10 AND satellite_count >= 7 AND wind_speed <= 36;0,0;1,0;1,0;takeoff == 1;takeoff == 1;0,0;1,0;1,0;height > 30 AND source_distance == 0;height >= 75 AND source_distance <= 0;0,0;0,17857;0,17857;0,72619;behavior_51
Candidate_107;battery > 10 AND satellite_count > 7 AND wind_speed <= 36;battery >= 10 AND satellite_count >= 7 AND wind_speed <= 36;0,0;1,0;1,0;takeoff == 1;takeoff == 1;0,0;1,0;1,0;height > 30 AND source_distance == 0;height <= 50 AND source_distance <= 25;0,0;0,12000000000000001;0,12000000000000001;0,7066666666666667;behavior_107
Candidate_108;battery > 10 AND satellite_count > 7 AND wind_speed <= 36;battery >= 10 AND satellite_count >= 7 AND wind_speed <= 36;0,0;1,0;1,0;takeoff == 1;takeoff == 1;0,0;1,0;1,0;height > 30 AND source_distance == 0;height <= 50 AND source_distance <= 50;0,0;0,11;0,11;0,7033333333333333;behavior_108
Candidate_109;battery > 10 AND satellite_count > 7 AND wind_speed <= 36;battery >= 10 AND satellite_count >= 7 AND wind_speed <= 36;0,0;1,0;1,0;takeoff == 1;takeoff == 1;0,0;1,0;1,0;height > 30 AND source_distance == 0;height <= 50 AND source_distance <= 75;0,0;0,10666500000000001;0,10666500000000001;0,7022216666666666;behavior_109
Candidate_101;battery > 10 AND satellite_count > 7 AND wind_speed <= 36;battery >= 10 AND satellite_count >= 7 AND wind_speed <= 36;0,0;1,0;1,0;takeoff == 1;takeoff == 1;0,0;1,0;1,0;height > 30 AND source_distance == 0;height <= 50 AND source_distance >= 0;0,0;0,10500000000000001;0,10500000000000001;0,7016666666666667;behavior_101
Candidate_110;battery > 10 AND satellite_count > 7 AND wind_speed <= 36;battery >= 10 AND satellite_count >= 7 AND wind_speed <= 36;0,0;1,0;1,0;takeoff == 1;takeoff == 1;0,0;1,0;1,0;height > 30 AND source_distance == 0;height <= 50 AND source_distance <= 100;0,0;0,10500000000000001;0,10500000000000001;0,7016666666666667;behavior_110
Candidate_106;battery > 10 AND satellite_count > 7 AND wind_speed <= 36;battery >= 10 AND satellite_count >= 7 AND wind_speed <= 36;0,0;1,0;1,0;takeoff == 1;takeoff == 1;0,0;1,0;1,0;height > 30 AND source_distance == 0;height <= 50 AND source_distance <= 0;0,0;0,1;0,1;0,7000000000000001;behavior_106
Candidate_105;battery > 10 AND satellite_count > 7 AND wind_speed <= 36;battery >= 10 AND satellite_count >= 7 AND wind_speed <= 36;0,0;1,0;1,0;takeoff == 1;takeoff == 1;0,0;1,0;1,0;height > 30 AND source_distance == 0;height <= 50 AND source_distance >= 100;0,0;0,1;0,1;0,7000000000000001;behavior_105
Candidate_104;battery > 10 AND satellite_count > 7 AND wind_speed <= 36;battery >= 10 AND satellite_count >= 7 AND wind_speed <= 36;0,0;1,0;1,0;takeoff == 1;takeoff == 1;0,0;1,0;1,0;height > 30 AND source_distance == 0;height <= 50 AND source_distance >= 75;0,0;0,1;0,1;0,7000000000000001;behavior_104
Candidate_103;battery > 10 AND satellite_count > 7 AND wind_speed <= 36;battery >= 10 AND satellite_count >= 7 AND wind_speed <= 36;0,0;1,0;1,0;takeoff == 1;takeoff == 1;0,0;1,0;1,0;height > 30 AND source_distance == 0;height <= 50 AND source_distance >= 50;0,0;0,1;0,1;0,7000000000000001;behavior_103
Candidate_102;battery > 10 AND satellite_count > 7 AND wind_speed <= 36;battery >= 10 AND satellite_count >= 7 AND wind_speed <= 36;0,0;1,0;1,0;takeoff == 1;takeoff == 1;0,0;1,0;1,0;height > 30 AND source_distance == 0;height <= 50 AND source_distance >= 25;0,0;0,1;0,1;0,7000000000000001;behavior_102
Candidate_85;battery > 10 AND satellite_count > 7 AND wind_speed <= 36;battery >= 10 AND satellite_count >= 7 AND wind_speed <= 36;0,0;1,0;1,0;takeoff == 1;takeoff == 1;0,0;1,0;1,0;height > 30 AND source_distance == 0;height <= 0 AND source_distance <= 25;0,0;0,02;0,02;0,6733333333333333;behavior_85
Candidate_74;battery > 10 AND satellite_count > 7 AND wind_speed <= 36;battery >= 10 AND satellite_count >= 7 AND wind_speed <= 36;0,0;1,0;1,0;takeoff == 1;takeoff == 1;0,0;1,0;1,0;height > 30 AND source_distance == 0;height <= 30 AND source_distance <= 25;0,0;0,02;0,02;0,6733333333333333;behavior_74
Candidate_63;battery > 10 AND satellite_count > 7 AND wind_speed <= 36;battery >= 10 AND satellite_count >= 7 AND wind_speed <= 36;0,0;1,0;1,0;takeoff == 1;takeoff == 1;0,0;1,0;1,0;height > 30 AND source_distance == 0;height >= 100 AND source_distance <= 25;0,0;0,02;0,02;0,6733333333333333;behavior_63
Candidate_96;battery > 10 AND satellite_count > 7 AND wind_speed <= 36;battery >= 10 AND satellite_count >= 7 AND wind_speed <= 36;0,0;1,0;1,0;takeoff == 1;takeoff == 1;0,0;1,0;1,0;height > 30 AND source_distance == 0;height <= 25 AND source_distance <= 25;0,0;0,02;0,02;0,6733333333333333;behavior_96
Candidate_75;battery > 10 AND satellite_count > 7 AND wind_speed <= 36;battery >= 10 AND satellite_count >= 7 AND wind_speed <= 36;0,0;1,0;1,0;takeoff == 1;takeoff == 1;0,0;1,0;1,0;height > 30 AND source_distance == 0;height <= 30 AND source_distance <= 50;0,0;0,01;0,01;0,6699999999999999;behavior_75
Candidate_97;battery > 10 AND satellite_count > 7 AND wind_speed <= 36;battery >= 10 AND satellite_count >= 7 AND wind_speed <= 36;0,0;1,0;1,0;takeoff == 1;takeoff == 1;0,0;1,0;1,0;height > 30 AND source_distance == 0;height <= 25 AND source_distance <= 50;0,0;0,01;0,01;0,6699999999999999;behavior_97
Candidate_86;battery > 10 AND satellite_count > 7 AND wind_speed <= 36;battery >= 10 AND satellite_count >= 7 AND wind_speed <= 36;0,0;1,0;1,0;takeoff == 1;takeoff == 1;0,0;1,0;1,0;height > 30 AND source_distance == 0;height <= 0 AND source_distance <= 50;0,0;0,01;0,01;0,6699999999999999;behavior_86
Candidate_64;battery > 10 AND satellite_count > 7 AND wind_speed <= 36;battery >= 10 AND satellite_count >= 7 AND wind_speed <= 36;0,0;1,0;1,0;takeoff == 1;takeoff == 1;0,0;1,0;1,0;height > 30 AND source_distance == 0;height >= 100 AND source_distance <= 50;0,0;0,01;0,01;0,6699999999999999;behavior_64
Candidate_98;battery > 10 AND satellite_count > 7 AND wind_speed <= 36;battery >= 10 AND satellite_count >= 7 AND wind_speed <= 36;0,0;1,0;1,0;takeoff == 1;takeoff == 1;0,0;1,0;1,0;height > 30 AND source_distance == 0;height <= 25 AND source_distance <= 75;0,0;0,006665;0,006665;0,6688883333333333;behavior_98
Candidate_65;battery > 10 AND satellite_count > 7 AND wind_speed <= 36;battery >= 10 AND satellite_count >= 7 AND wind_speed <= 36;0,0;1,0;1,0;takeoff == 1;takeoff == 1;0,0;1,0;1,0;height > 30 AND source_distance == 0;height >= 100 AND source_distance <= 75;0,0;0,006665;0,006665;0,6688883333333333;behavior_65
Candidate_76;battery > 10 AND satellite_count > 7 AND wind_speed <= 36;battery >= 10 AND satellite_count >= 7 AND wind_speed <= 36;0,0;1,0;1,0;takeoff == 1;takeoff == 1;0,0;1,0;1,0;height > 30 AND source_distance == 0;height <= 30 AND source_distance <= 75;0,0;0,006665;0,006665;0,6688883333333333;behavior_76
Candidate_87;battery > 10 AND satellite_count > 7 AND wind_speed <= 36;battery >= 10 AND satellite_count >= 7 AND wind_speed <= 36;0,0;1,0;1,0;takeoff == 1;takeoff == 1;0,0;1,0;1,0;height > 30 AND source_distance == 0;height <= 0 AND source_distance <= 75;0,0;0,006665;0,006665;0,6688883333333333;behavior_87
Candidate_66;battery > 10 AND satellite_count > 7 AND wind_speed <= 36;battery >= 10 AND satellite_count >= 7 AND wind_speed <= 36;0,0;1,0;1,0;takeoff == 1;takeoff == 1;0,0;1,0;1,0;height > 30 AND source_distance == 0;height >= 100 AND source_distance <= 100;0,0;0,005;0,005;0,6683333333333333;behavior_66
Candidate_90;battery > 10 AND satellite_count > 7 AND wind_speed <= 36;battery >= 10 AND satellite_count >= 7 AND wind_speed <= 36;0,0;1,0;1,0;takeoff == 1;takeoff == 1;0,0;1,0;1,0;height > 30 AND source_distance == 0;height <= 25 AND source_distance >= 0;0,0;0,005;0,005;0,6683333333333333;behavior_90
Candidate_88;battery > 10 AND satellite_count > 7 AND wind_speed <= 36;battery >= 10 AND satellite_count >= 7 AND wind_speed <= 36;0,0;1,0;1,0;takeoff == 1;takeoff == 1;0,0;1,0;1,0;height > 30 AND source_distance == 0;height <= 0 AND source_distance <= 100;0,0;0,005;0,005;0,6683333333333333;behavior_88
Candidate_68;battery > 10 AND satellite_count > 7 AND wind_speed <= 36;battery >= 10 AND satellite_count >= 7 AND wind_speed <= 36;0,0;1,0;1,0;takeoff == 1;takeoff == 1;0,0;1,0;1,0;height > 30 AND source_distance == 0;height <= 30 AND source_distance >= 0;0,0;0,005;0,005;0,6683333333333333;behavior_68
Candidate_99;battery > 10 AND satellite_count > 7 AND wind_speed <= 36;battery >= 10 AND satellite_count >= 7 AND wind_speed <= 36;0,0;1,0;1,0;takeoff == 1;takeoff == 1;0,0;1,0;1,0;height > 30 AND source_distance == 0;height <= 25 AND source_distance <= 100;0,0;0,005;0,005;0,6683333333333333;behavior_99
Candidate_79;battery > 10 AND satellite_count > 7 AND wind_speed <= 36;battery >= 10 AND satellite_count >= 7 AND wind_speed <= 36;0,0;1,0;1,0;takeoff == 1;takeoff == 1;0,0;1,0;1,0;height > 30 AND source_distance == 0;height <= 0 AND source_distance >= 0;0,0;0,005;0,005;0,6683333333333333;behavior_79
Candidate_77;battery > 10 AND satellite_count > 7 AND wind_speed <= 36;battery >= 10 AND satellite_count >= 7 AND wind_speed <= 36;0,0;1,0;1,0;takeoff == 1;takeoff == 1;0,0;1,0;1,0;height > 30 AND source_distance == 0;height <= 30 AND source_distance <= 100;0,0;0,005;0,005;0,6683333333333333;behavior_77
Candidate_57;battery > 10 AND satellite_count > 7 AND wind_speed <= 36;battery >= 10 AND satellite_count >= 7 AND wind_speed <= 36;0,0;1,0;1,0;takeoff == 1;takeoff == 1;0,0;1,0;1,0;height > 30 AND source_distance == 0;height >= 100 AND source_distance >= 0;0,0;0,005;0,005;0,6683333333333333;behavior_57
Candidate_58;battery > 10 AND satellite_count > 7 AND wind_speed <= 36;battery >= 10 AND satellite_count >= 7 AND wind_speed <= 36;0,0;1,0;1,0;takeoff == 1;takeoff == 1;0,0;1,0;1,0;height > 30 AND source_distance == 0;height >= 100 AND source_distance >= 25;0,0;0,0;0,0;0,6666666666666666;behavior_58
Candidate_72;battery > 10 AND satellite_count > 7 AND wind_speed <= 36;battery >= 10 AND satellite_count >= 7 AND wind_speed <= 36;0,0;1,0;1,0;takeoff == 1;takeoff == 1;0,0;1,0;1,0;height > 30 AND source_distance == 0;height <= 30 AND source_distance >= 100;0,0;0,0;0,0;0,6666666666666666;behavior_72
Candidate_62;battery > 10 AND satellite_count > 7 AND wind_speed <= 36;battery >= 10 AND satellite_count >= 7 AND wind_speed <= 36;0,0;1,0;1,0;takeoff == 1;takeoff == 1;0,0;1,0;1,0;height > 30 AND source_distance == 0;height >= 100 AND source_distance <= 0;0,0;0,0;0,0;0,6666666666666666;behavior_62
Candidate_69;battery > 10 AND satellite_count > 7 AND wind_speed <= 36;battery >= 10 AND satellite_count >= 7 AND wind_speed <= 36;0,0;1,0;1,0;takeoff == 1;takeoff == 1;0,0;1,0;1,0;height > 30 AND source_distance == 0;height <= 30 AND source_distance >= 25;0,0;0,0;0,0;0,6666666666666666;behavior_69
Candidate_70;battery > 10 AND satellite_count > 7 AND wind_speed <= 36;battery >= 10 AND satellite_count >= 7 AND wind_speed <= 36;0,0;1,0;1,0;takeoff == 1;takeoff == 1;0,0;1,0;1,0;height > 30 AND source_distance == 0;height <= 30 AND source_distance >= 50;0,0;0,0;0,0;0,6666666666666666;behavior_70
Candidate_71;battery > 10 AND satellite_count > 7 AND wind_speed <= 36;battery >= 10 AND satellite_count >= 7 AND wind_speed <= 36;0,0;1,0;1,0;takeoff == 1;takeoff == 1;0,0;1,0;1,0;height > 30 AND source_distance == 0;height <= 30 AND source_distance >= 75;0,0;0,0;0,0;0,6666666666666666;behavior_71
Candidate_61;battery > 10 AND satellite_count > 7 AND wind_speed <= 36;battery >= 10 AND satellite_count >= 7 AND wind_speed <= 36;0,0;1,0;1,0;takeoff == 1;takeoff == 1;0,0;1,0;1,0;height > 30 AND source_distance == 0;height >= 100 AND source_distance >= 100;0,0;0,0;0,0;0,6666666666666666;behavior_61
Candidate_80;battery > 10 AND satellite_count > 7 AND wind_speed <= 36;battery >= 10 AND satellite_count >= 7 AND wind_speed <= 36;0,0;1,0;1,0;takeoff == 1;takeoff == 1;0,0;1,0;1,0;height > 30 AND source_distance == 0;height <= 0 AND source_distance >= 25;0,0;0,0;0,0;0,6666666666666666;behavior_80
Candidate_73;battery > 10 AND satellite_count > 7 AND wind_speed <= 36;battery >= 10 AND satellite_count >= 7 AND wind_speed <= 36;0,0;1,0;1,0;takeoff == 1;takeoff == 1;0,0;1,0;1,0;height > 30 AND source_distance == 0;height <= 30 AND source_distance <= 0;0,0;0,0;0,0;0,6666666666666666;behavior_73
Candidate_81;battery > 10 AND satellite_count > 7 AND wind_speed <= 36;battery >= 10 AND satellite_count >= 7 AND wind_speed <= 36;0,0;1,0;1,0;takeoff == 1;takeoff == 1;0,0;1,0;1,0;height > 30 AND source_distance == 0;height <= 0 AND source_distance >= 50;0,0;0,0;0,0;0,6666666666666666;behavior_81
Candidate_82;battery > 10 AND satellite_count > 7 AND wind_speed <= 36;battery >= 10 AND satellite_count >= 7 AND wind_speed <= 36;0,0;1,0;1,0;takeoff == 1;takeoff == 1;0,0;1,0;1,0;height > 30 AND source_distance == 0;height <= 0 AND source_distance >= 75;0,0;0,0;0,0;0,6666666666666666;behavior_82
Candidate_83;battery > 10 AND satellite_count > 7 AND wind_speed <= 36;battery >= 10 AND satellite_count >= 7 AND wind_speed <= 36;0,0;1,0;1,0;takeoff == 1;takeoff == 1;0,0;1,0;1,0;height > 30 AND source_distance == 0;height <= 0 AND source_distance >= 100;0,0;0,0;0,0;0,6666666666666666;behavior_83
Candidate_84;battery > 10 AND satellite_count > 7 AND wind_speed <= 36;battery >= 10 AND satellite_count >= 7 AND wind_speed <= 36;0,0;1,0;1,0;takeoff == 1;takeoff == 1;0,0;1,0;1,0;height > 30 AND source_distance == 0;height <= 0 AND source_distance <= 0;0,0;0,0;0,0;0,6666666666666666;behavior_84
Candidate_91;battery > 10 AND satellite_count > 7 AND wind_speed <= 36;battery >= 10 AND satellite_count >= 7 AND wind_speed <= 36;0,0;1,0;1,0;takeoff == 1;takeoff == 1;0,0;1,0;1,0;height > 30 AND source_distance == 0;height <= 25 AND source_distance >= 25;0,0;0,0;0,0;0,6666666666666666;behavior_91
Candidate_92;battery > 10 AND satellite_count > 7 AND wind_speed <= 36;battery >= 10 AND satellite_count >= 7 AND wind_speed <= 36;0,0;1,0;1,0;takeoff == 1;takeoff == 1;0,0;1,0;1,0;height > 30 AND source_distance == 0;height <= 25 AND source_distance >= 50;0,0;0,0;0,0;0,6666666666666666;behavior_92
Candidate_93;battery > 10 AND satellite_count > 7 AND wind_speed <= 36;battery >= 10 AND satellite_count >= 7 AND wind_speed <= 36;0,0;1,0;1,0;takeoff == 1;takeoff == 1;0,0;1,0;1,0;height > 30 AND source_distance == 0;height <= 25 AND source_distance >= 75;0,0;0,0;0,0;0,6666666666666666;behavior_93
Candidate_94;battery > 10 AND satellite_count > 7 AND wind_speed <= 36;battery >= 10 AND satellite_count >= 7 AND wind_speed <= 36;0,0;1,0;1,0;takeoff == 1;takeoff == 1;0,0;1,0;1,0;height > 30 AND source_distance == 0;height <= 25 AND source_distance >= 100;0,0;0,0;0,0;0,6666666666666666;behavior_94
Candidate_95;battery > 10 AND satellite_count > 7 AND wind_speed <= 36;battery >= 10 AND satellite_count >= 7 AND wind_speed <= 36;0,0;1,0;1,0;takeoff == 1;takeoff == 1;0,0;1,0;1,0;height > 30 AND source_distance == 0;height <= 25 AND source_distance <= 0;0,0;0,0;0,0;0,6666666666666666;behavior_95
Candidate_60;battery > 10 AND satellite_count > 7 AND wind_speed <= 36;battery >= 10 AND satellite_count >= 7 AND wind_speed <= 36;0,0;1,0;1,0;takeoff == 1;takeoff == 1;0,0;1,0;1,0;height > 30 AND source_distance == 0;height >= 100 AND source_distance >= 75;0,0;0,0;0,0;0,6666666666666666;behavior_60
Candidate_59;battery > 10 AND satellite_count > 7 AND wind_speed <= 36;battery >= 10 AND satellite_count >= 7 AND wind_speed <= 36;0,0;1,0;1,0;takeoff == 1;takeoff == 1;0,0;1,0;1,0;height > 30 AND source_distance == 0;height >= 100 AND source_distance >= 50;0,0;0,0;0,0;0,6666666666666666;behavior_59
